h,chunk_mean,Hsig,S,A,WavePeriods,WaveHeights,dPddz_W50,,,,dPddt_W50,dPddt_W50N,S_W50,Hoverh,dPddz_WM50,dPddzcrit
0.0088798,'10-Sep-2021 22:59:59',NaN,NaN,NaN,NaN,NaN,NaN,NaN,NaN,NaN,NaN,NaN,NaN,NaN,NaN,1.84
0.012525,'10-Sep-2021 23:09:59',NaN,NaN,NaN,NaN,NaN,NaN,NaN,NaN,NaN,NaN,NaN,NaN,NaN,NaN,2.37
0.10391,'10-Sep-2021 23:19:59',0.33058,0.73338,0.7187,30.7495,0.28013,2.1041,1.5702,1.2479,1.0757,0.43606,13.4281,0.19207,2.6958,2.1041,
0.25692,'10-Sep-2021 23:29:59',0.39616,0.36778,0.4963,25.8409,0.32309,1.8709,1.6215,1.2648,1.0849,0.46727,8.7868,0.15816,1.2575,1.9621,
0.34509,'10-Sep-2021 23:39:59',0.46378,-0.058296,0.65336,18.5249,0.37551,1.7971,1.6069,1.2601,1.0916,0.55422,7.6372,0.166,1.0882,1.8337,
0.46535,'10-Sep-2021 23:49:59',0.4868,0.17081,0.89032,16.5574,0.38083,1.5736,1.4388,1.2611,1.0918,0.58683,8.4766,0.15993,0.81837,1.6134,
0.60675,'11-Sep-2021 00:00:00',0.57988,0.34462,0.31692,15.2276,0.45534,1.7564,1.6282,1.3007,1.1235,0.6572,7.1778,0.15121,0.75045,1.836,
0.72132,'11-Sep-2021 00:09:59',0.59704,0.20338,0.94913,15.6785,0.51083,1.7183,1.4346,1.277,1.1873,0.77818,7.7811,0.16506,0.70819,1.727,
0.8244,'11-Sep-2021 00:20:00',0.64428,0.33152,1.0068,14.9191,0.51426,1.7105,1.3555,1.3052,1.1895,0.78894,7.4066,0.16008,0.6238,1.7169,
0.94215,'11-Sep-2021 00:29:59',0.63182,0.3118,0.98697,15.6263,0.54062,1.7313,1.4073,1.3112,1.2265,0.79507,7.3745,0.15128,0.57382,1.8147,
1.0513,'11-Sep-2021 00:39:59',0.65608,0.47515,1.0328,14.437,0.56818,1.7625,1.2579,1.2467,1.113,0.81574,6.4101,0.14818,0.54046,1.7927,
1.1247,'11-Sep-2021 00:49:59',0.7709,0.50629,1.1716,15.4178,0.64305,1.8823,1.4336,1.2711,1.1153,0.93976,6.8859,0.16509,0.57173,1.9348,
1.2254,'11-Sep-2021 00:59:59',0.82488,0.55788,1.1852,14.6283,0.64326,1.8518,1.435,1.2135,1.0884,0.79501,5.5867,0.13853,0.52495,1.8987,
1.3281,'11-Sep-2021 01:10:00',0.82981,0.7888,1.2278,13.9356,0.70865,1.9079,1.6213,1.2016,1.0943,1.0038,6.0111,0.16419,0.5336,1.923,
1.4169,'11-Sep-2021 01:19:59',0.89127,0.79367,1.2695,14.4622,0.76203,1.9382,1.4447,1.2072,1.095,1.0175,6.2413,0.16099,0.53782,1.9382,
1.4804,'11-Sep-2021 01:29:59',0.89446,0.55082,1.3136,15.6063,0.75538,1.914,1.4083,1.1877,1.099,0.99843,6.5771,0.15308,0.51026,1.9347,
1.5279,'11-Sep-2021 01:39:59',0.90249,0.67743,1.0458,15.1237,0.76997,1.9773,1.336,1.1484,1.0873,0.99839,6.0618,0.15602,0.50393,1.9789,
1.5981,'11-Sep-2021 01:50:00',0.94426,0.73883,1.3772,14.3409,0.74594,1.9701,1.2497,1.1371,1.0914,1.0252,6.3214,0.15165,0.46675,1.9701,
1.638,'11-Sep-2021 02:00:00',1.0041,0.67114,1.0285,14.8569,0.80203,1.9095,1.3913,1.1532,1.0983,0.94853,5.414,0.14006,0.48966,1.9413,
1.6713,'11-Sep-2021 02:09:59',1.0417,0.94027,1.0761,14.0409,0.82702,2.0079,1.5084,1.1498,1.0881,1.0743,5.1687,0.15811,0.49484,2.0238,
1.6909,'11-Sep-2021 02:19:59',1.0364,0.66355,1.0671,15.2257,0.85405,1.8515,1.3946,1.1737,1.1039,1.0747,5.3348,0.15815,0.50507,1.9653,
1.7171,'11-Sep-2021 02:29:59',1.0498,0.75145,1.3197,16.2615,0.89043,1.9629,1.8074,1.1638,1.0964,1.0886,6.1548,0.16234,0.51857,2.0292,
1.7249,'11-Sep-2021 02:40:00',0.99055,0.64888,1.1439,14.2907,0.74873,1.7899,1.3924,1.1478,1.072,0.77415,4.4153,0.11229,0.43406,1.8154,
1.7268,'11-Sep-2021 02:50:00',1.0235,0.79935,1.288,14.4233,0.81192,1.8864,1.5206,1.1607,1.0868,0.98252,5.0767,0.14236,0.47018,1.9318,
1.698,'11-Sep-2021 03:00:00',1.0612,0.76712,1.179,14.0776,0.85326,1.6013,1.4503,1.1705,1.0945,1.0331,4.7407,0.15394,0.5025,1.6013,
1.6924,'11-Sep-2021 03:09:59',1.0381,0.71796,1.3325,14.1348,0.86507,1.4013,1.4585,1.1787,1.0975,1.1507,5.9256,0.16861,0.51116,1.5493,
1.6519,'11-Sep-2021 03:19:59',1.0727,0.99263,0.89861,16.5741,0.90392,1.3773,1.6851,1.1819,1.0892,1.0215,6.1961,0.15511,0.5472,1.6851,
1.6066,'11-Sep-2021 03:30:00',1.0558,0.80714,1.1948,13.8461,0.8282,1.3136,1.5616,1.1711,1.0853,0.99603,4.892,0.15042,0.5155,1.5616,
1.5577,'11-Sep-2021 03:39:59',1.0043,0.70526,1.2259,14.0454,0.79254,1.3476,1.5126,1.1707,1.0957,1.0057,5.0176,0.15354,0.5088,1.5524,
1.5067,'11-Sep-2021 03:49:59',0.9992,0.86288,1.2421,13.3538,0.82588,1.4563,1.703,1.1847,1.0939,1.0992,5.366,0.16849,0.54814,1.7368,
1.4539,'11-Sep-2021 03:59:59',0.92672,0.61443,1.3076,13.9963,0.77445,1.3642,1.4499,1.1856,1.0923,1.039,5.6435,0.16377,0.53269,1.528,
1.3717,'11-Sep-2021 04:10:00',0.87782,0.69968,1.0684,14.5586,0.74664,1.3319,1.3562,1.2332,1.1005,1.0717,6.5723,0.17513,0.54433,1.5074,
1.3102,'11-Sep-2021 04:20:00',0.8731,0.50823,1.1605,14.9128,0.75045,1.3707,1.5167,1.1987,1.1078,0.98151,5.9706,0.16356,0.57277,1.5648,
1.1893,'11-Sep-2021 04:29:59',0.79873,0.53093,0.95603,13.6174,0.67137,1.259,1.4976,1.1887,1.0857,0.90704,5.268,0.1619,0.56449,1.5105,
1.1437,'11-Sep-2021 04:39:59',0.76178,0.35374,1.1462,15.5528,0.66503,1.5219,1.5562,1.1927,1.0979,0.91433,6.3304,0.16493,0.58145,1.6974,
1.0253,'11-Sep-2021 04:49:59',0.69999,0.36197,1.012,14.7016,0.59846,1.3649,1.4104,1.229,1.1337,0.85761,6.2155,0.16254,0.58367,1.5104,
0.92412,'11-Sep-2021 04:59:59',0.70168,0.38802,0.99018,15.5195,0.56727,1.2902,1.3669,1.226,1.1954,0.80531,6.7255,0.15753,0.61384,1.3848,
0.77796,'11-Sep-2021 05:10:00',0.58218,0.2851,0.84199,14.2622,0.49375,1.2885,1.373,1.2249,1.1341,0.74482,6.9953,0.15909,0.63467,1.4317,
0.67527,'11-Sep-2021 05:19:59',0.56979,0.19445,0.85456,14.6453,0.46098,1.312,1.4122,1.2262,1.1169,0.69947,7.3205,0.16074,0.68267,1.4908,
0.55968,'11-Sep-2021 05:29:59',0.52122,0.47881,0.62658,15.0075,0.42826,1.3009,1.3998,1.239,1.1039,0.66235,7.0724,0.16291,0.76519,1.4393,
0.43345,'11-Sep-2021 05:39:59',0.5189,-0.10077,0.62699,16.8431,0.40197,1.4267,1.4056,1.2332,1.0889,0.58312,8.0637,0.16189,0.92738,1.5396,
0.34731,'11-Sep-2021 05:50:00',0.46874,0.18466,0.16155,22.4429,0.38253,1.5016,1.3605,1.2587,1.0857,0.57625,9.3677,0.18717,1.1014,1.5237,
0.22797,'11-Sep-2021 06:00:00',0.38578,0.48672,0.31748,25.0438,0.31452,1.4213,1.5366,1.1923,1.0755,0.48535,8.0208,0.17403,1.3797,1.5744,
0.10221,'11-Sep-2021 06:10:00',0.3198,0.86468,0.55156,34.4567,0.26081,1.7602,1.4498,1.1853,1.065,0.41272,19.6457,0.17634,2.5516,1.8039,
0.0097503,'11-Sep-2021 06:20:00',NaN,NaN,NaN,NaN,NaN,NaN,NaN,NaN,NaN,NaN,NaN,NaN,NaN,NaN,
0.00040746,'11-Sep-2021 06:29:59',NaN,NaN,NaN,NaN,NaN,NaN,NaN,NaN,NaN,NaN,NaN,NaN,NaN,NaN,
-0.00071872,'11-Sep-2021 06:40:00',NaN,NaN,NaN,NaN,NaN,NaN,NaN,NaN,NaN,NaN,NaN,NaN,NaN,NaN,
0.00139,'11-Sep-2021 06:50:00',NaN,NaN,NaN,NaN,NaN,NaN,NaN,NaN,NaN,NaN,NaN,NaN,NaN,NaN,
0.0041777,'11-Sep-2021 06:59:59',NaN,NaN,NaN,NaN,NaN,NaN,NaN,NaN,NaN,NaN,NaN,NaN,NaN,NaN,
0.0070721,'11-Sep-2021 07:09:59',NaN,NaN,NaN,NaN,NaN,NaN,NaN,NaN,NaN,NaN,NaN,NaN,NaN,NaN,
0.0093787,'11-Sep-2021 07:19:59',NaN,NaN,NaN,NaN,NaN,NaN,NaN,NaN,NaN,NaN,NaN,NaN,NaN,NaN,
0.011158,'11-Sep-2021 07:30:00',NaN,NaN,NaN,NaN,NaN,NaN,NaN,NaN,NaN,NaN,NaN,NaN,NaN,NaN,
0.011803,'11-Sep-2021 07:40:00',NaN,NaN,NaN,NaN,NaN,NaN,NaN,NaN,NaN,NaN,NaN,NaN,NaN,NaN,
0.012555,'11-Sep-2021 07:49:59',NaN,NaN,NaN,NaN,NaN,NaN,NaN,NaN,NaN,NaN,NaN,NaN,NaN,NaN,
0.01192,'11-Sep-2021 08:00:00',NaN,NaN,NaN,NaN,NaN,NaN,NaN,NaN,NaN,NaN,NaN,NaN,NaN,NaN,
0.011516,'11-Sep-2021 08:10:00',NaN,NaN,NaN,NaN,NaN,NaN,NaN,NaN,NaN,NaN,NaN,NaN,NaN,NaN,
0.0089367,'11-Sep-2021 08:19:59',NaN,NaN,NaN,NaN,NaN,NaN,NaN,NaN,NaN,NaN,NaN,NaN,NaN,NaN,
0.0066849,'11-Sep-2021 08:29:59',NaN,NaN,NaN,NaN,NaN,NaN,NaN,NaN,NaN,NaN,NaN,NaN,NaN,NaN,
0.0054574,'11-Sep-2021 08:39:59',NaN,NaN,NaN,NaN,NaN,NaN,NaN,NaN,NaN,NaN,NaN,NaN,NaN,NaN,
0.0053319,'11-Sep-2021 08:49:59',NaN,NaN,NaN,NaN,NaN,NaN,NaN,NaN,NaN,NaN,NaN,NaN,NaN,NaN,
0.0054919,'11-Sep-2021 09:00:00',NaN,NaN,NaN,NaN,NaN,NaN,NaN,NaN,NaN,NaN,NaN,NaN,NaN,NaN,
0.0088129,'11-Sep-2021 09:10:00',NaN,NaN,NaN,NaN,NaN,NaN,NaN,NaN,NaN,NaN,NaN,NaN,NaN,NaN,
0.011257,'11-Sep-2021 09:20:00',NaN,NaN,NaN,NaN,NaN,NaN,NaN,NaN,NaN,NaN,NaN,NaN,NaN,NaN,
0.012543,'11-Sep-2021 09:30:00',NaN,NaN,NaN,NaN,NaN,NaN,NaN,NaN,NaN,NaN,NaN,NaN,NaN,NaN,
0.012243,'11-Sep-2021 09:39:59',NaN,NaN,NaN,NaN,NaN,NaN,NaN,NaN,NaN,NaN,NaN,NaN,NaN,NaN,
0.013473,'11-Sep-2021 09:50:00',NaN,NaN,NaN,NaN,NaN,NaN,NaN,NaN,NaN,NaN,NaN,NaN,NaN,NaN,
0.012563,'11-Sep-2021 09:59:59',NaN,NaN,NaN,NaN,NaN,NaN,NaN,NaN,NaN,NaN,NaN,NaN,NaN,NaN,
0.015437,'11-Sep-2021 10:10:00',NaN,NaN,NaN,NaN,NaN,NaN,NaN,NaN,NaN,NaN,NaN,NaN,NaN,NaN,
0.019704,'11-Sep-2021 10:20:00',NaN,NaN,NaN,NaN,NaN,NaN,NaN,NaN,NaN,NaN,NaN,NaN,NaN,NaN,
0.019413,'11-Sep-2021 10:29:59',NaN,NaN,NaN,NaN,NaN,NaN,NaN,NaN,NaN,NaN,NaN,NaN,NaN,NaN,
0.020184,'11-Sep-2021 10:39:59',NaN,NaN,NaN,NaN,NaN,NaN,NaN,NaN,NaN,NaN,NaN,NaN,NaN,NaN,
0.021672,'11-Sep-2021 10:50:00',NaN,NaN,NaN,NaN,NaN,NaN,NaN,NaN,NaN,NaN,NaN,NaN,NaN,NaN,
0.02152,'11-Sep-2021 10:59:59',NaN,NaN,NaN,NaN,NaN,NaN,NaN,NaN,NaN,NaN,NaN,NaN,NaN,NaN,
0.013491,'11-Sep-2021 11:09:59',NaN,NaN,NaN,NaN,NaN,NaN,NaN,NaN,NaN,NaN,NaN,NaN,NaN,NaN,
0.014177,'11-Sep-2021 11:19:59',NaN,NaN,NaN,NaN,NaN,NaN,NaN,NaN,NaN,NaN,NaN,NaN,NaN,NaN,
0.10101,'11-Sep-2021 11:29:59',0.29021,0.55747,0.6705,35.1464,0.23609,1.7601,1.3855,1.1773,1.0666,0.44653,22.492,0.18128,2.3373,1.7601,
0.22868,'11-Sep-2021 11:39:59',0.36666,0.43652,0.22431,22.6656,0.29875,1.6783,1.4099,1.2076,1.0729,0.49964,9.0656,0.17734,1.3064,1.7102,
0.33554,'11-Sep-2021 11:50:00',0.40615,0.32788,0.80101,16.0235,0.32623,1.2985,1.3972,1.2043,1.0801,0.55314,7.8761,0.16645,0.97226,1.4837,
0.46311,'11-Sep-2021 12:00:00',0.47007,0.2973,0.94218,15.9482,0.37089,1.2716,1.4158,1.2225,1.0889,0.63127,8.4976,0.16803,0.80087,1.466,
0.57804,'11-Sep-2021 12:09:59',0.44666,0.21449,0.73413,14.5762,0.37761,1.282,1.3743,1.2012,1.0852,0.68339,7.7358,0.16445,0.65325,1.43,
0.70829,'11-Sep-2021 12:20:00',0.5318,0.58482,0.72016,14.2993,0.44576,1.2896,1.3666,1.2331,1.1189,0.74439,6.9992,0.16542,0.62934,1.4323,
0.82684,'11-Sep-2021 12:30:00',0.61864,0.56611,1.1057,13.0843,0.50387,1.2102,1.2456,1.2742,1.1628,0.84192,6.7491,0.17431,0.60939,1.3858,
0.94053,'11-Sep-2021 12:39:59',0.65334,0.58427,1.274,13.0616,0.51929,1.2532,1.2114,1.2013,1.0856,0.82484,5.7105,0.15808,0.55212,1.3238,
1.0521,'11-Sep-2021 12:50:00',0.70213,0.69295,1.0515,14.1288,0.53767,1.2046,1.2449,1.1709,1.071,0.76765,6.3119,0.14041,0.51105,1.2739,
1.1634,'11-Sep-2021 13:00:00',0.72259,0.72956,1.0855,12.7295,0.56876,1.2067,1.2144,1.1403,1.0643,0.62603,4.0841,0.10905,0.48887,1.2689,
1.2644,'11-Sep-2021 13:10:00',0.75478,0.85012,1.2161,12.6173,0.60178,1.1856,1.2498,1.1669,1.0737,0.71392,4.0907,0.11932,0.47595,1.2647,
1.3597,'11-Sep-2021 13:19:59',0.7637,0.87662,1.1631,12.7599,0.54945,1.1581,1.1676,1.1066,1.0475,0.41711,2.9201,0.067884,0.40411,1.2153,
1.4571,'11-Sep-2021 13:29:59',0.84863,0.69657,1.223,14.1311,0.59947,1.1547,1.2144,1.109,1.0508,0.43368,3.2001,0.068145,0.41142,1.2443,
1.539,'11-Sep-2021 13:40:00',0.88594,0.75632,1.1166,13.1402,0.63471,1.1828,1.2868,1.1114,1.0493,0.50863,3.3021,0.078069,0.4124,1.3007,
1.6332,'11-Sep-2021 13:50:00',0.79844,0.77645,1.0694,12.934,0.55805,1.1455,1.2006,1.0995,1.0388,0.42704,3.1745,0.063263,0.34169,1.2029,
1.6997,'11-Sep-2021 13:59:59',0.82015,0.71597,1.1329,14.0907,0.56816,1.1138,1.1418,1.1028,1.0381,0.35547,2.8848,0.052095,0.33428,1.1572,
1.754,'11-Sep-2021 14:09:59',0.8351,0.74349,0.92259,14.1408,0.59374,1.1392,1.2382,1.1119,1.0433,0.40497,3.1018,0.057835,0.33851,1.2382,
1.8135,'11-Sep-2021 14:19:59',0.79339,0.81123,0.92482,12.9837,0.55378,1.1103,1.1705,1.1085,1.04,0.32981,2.4256,0.046572,0.30536,1.1705,
1.8483,'11-Sep-2021 14:29:59',0.80758,0.68558,0.92586,13.6452,0.59589,1.13,1.1499,1.1141,1.0397,0.34418,2.5605,0.048218,0.3224,1.1841,
1.875,'11-Sep-2021 14:40:00',0.87047,0.79504,1.1674,13.2668,0.60233,1.1387,1.1513,1.099,1.0366,0.38223,2.9667,0.053135,0.32124,1.1849,
1.893,'11-Sep-2021 14:50:00',0.75846,0.80374,0.91003,13.0439,0.53643,1.097,1.1829,1.0937,1.0394,0.2848,2.3242,0.039381,0.28338,1.1829,
1.9064,'11-Sep-2021 15:00:00',0.88033,0.72357,0.98755,13.7947,0.59763,1.1336,1.2039,1.0903,1.0405,0.36108,2.6815,0.049823,0.31348,1.2039,
1.8993,'11-Sep-2021 15:09:59',0.78621,0.89708,1.0549,13.5354,0.52062,1.0754,1.1262,1.0768,1.0318,0.25753,2.1998,0.035595,0.27412,1.1341,
1.8774,'11-Sep-2021 15:20:00',0.77237,0.66185,0.91837,12.712,0.54566,1.1167,1.1555,1.0816,1.0349,0.30615,2.2769,0.042403,0.29064,1.1613,
1.8558,'11-Sep-2021 15:30:00',0.81879,0.73409,0.8808,13.7761,0.55082,1.1057,1.1014,1.0814,1.0338,0.28856,2.4132,0.04025,0.29681,1.1193,
1.8205,'11-Sep-2021 15:40:00',0.78493,0.88489,0.75273,13.2364,0.53666,1.1301,1.1103,1.0896,1.0368,0.27313,2.279,0.038633,0.29478,1.161,
1.7826,'11-Sep-2021 15:50:00',0.79479,0.76797,0.952,13.4596,0.55106,1.0749,1.0983,1.0843,1.0377,0.32155,2.5877,0.04573,0.30913,1.1377,
1.7208,'11-Sep-2021 15:59:59',0.85083,0.85532,1.0238,13.3025,0.598,1.1581,1.1738,1.1016,1.0435,0.42135,2.7674,0.060965,0.34751,1.2304,
1.6599,'11-Sep-2021 16:10:00',0.78873,0.65426,0.96575,13.0722,0.5614,1.1256,1.1877,1.0959,1.0375,0.3874,2.921,0.057195,0.33822,1.1877,
1.5802,'11-Sep-2021 16:20:00',0.89923,0.79777,1.1206,12.9304,0.65845,1.1652,1.4093,1.1282,1.0511,0.58662,3.3638,0.088717,0.41668,1.4093,
1.4889,'11-Sep-2021 16:30:00',0.79914,0.80911,1.2449,13.471,0.56945,1.1499,1.3331,1.1058,1.0376,0.46795,3.5269,0.072309,0.38245,1.3331,
1.3887,'11-Sep-2021 16:39:59',0.84462,0.69619,1.2361,13.1888,0.62634,1.1335,1.2899,1.1443,1.0504,0.57293,3.6518,0.093382,0.45102,1.3197,
1.2791,'11-Sep-2021 16:49:59',0.75887,0.87173,1.2084,13.9039,0.5526,1.1526,1.3057,1.1363,1.0504,0.52696,4.0055,0.08719,0.43203,1.3057,
1.1779,'11-Sep-2021 17:00:00',0.7339,0.80125,1.133,13.3342,0.6106,1.1926,1.3146,1.1666,1.067,0.6886,4.0697,0.12166,0.51837,1.3337,
1.0554,'11-Sep-2021 17:10:00',0.70597,0.70014,1.3526,12.9748,0.56914,1.2107,1.2258,1.2522,1.0964,0.91335,6.3043,0.16918,0.53927,1.3543,
0.94365,'11-Sep-2021 17:20:00',0.64445,0.73239,1.0301,13.3639,0.53582,1.26,1.2901,1.2904,1.1701,0.81178,5.7508,0.15762,0.56782,1.3757,
0.81018,'11-Sep-2021 17:29:59',0.57454,0.62857,1.2283,13.439,0.48959,1.2299,1.2598,1.2913,1.2122,0.80275,6.4338,0.16501,0.60429,1.3986,
0.67797,'11-Sep-2021 17:39:59',0.49875,0.59176,1.0098,12.7422,0.40735,1.2157,1.2057,1.2294,1.1035,0.72967,6.6895,0.16314,0.60084,1.3059,
0.5507,'11-Sep-2021 17:50:00',0.43539,0.28108,0.86969,15.156,0.37622,1.2011,1.2426,1.2233,1.0973,0.64434,7.3665,0.16269,0.68318,1.3072,
0.42377,'11-Sep-2021 18:00:00',0.3908,0.32519,0.85263,13.9979,0.32444,1.2737,1.2455,1.2293,1.0837,0.5782,7.6139,0.16364,0.76559,1.3469,
0.29422,'11-Sep-2021 18:09:59',0.34754,0.23784,0.71532,16.9136,0.28208,1.2954,1.2872,1.2268,1.0813,0.47711,8.3396,0.14893,0.95875,1.3458,
0.18601,'11-Sep-2021 18:19:59',0.2972,0.19263,0.78119,23.4353,0.24651,1.4812,1.3525,1.2586,1.0818,0.41512,8.0081,0.17227,1.3253,1.5734,
0.011093,'11-Sep-2021 18:30:00',NaN,NaN,NaN,NaN,NaN,NaN,NaN,NaN,NaN,NaN,NaN,NaN,NaN,NaN,
-0.00012145,'11-Sep-2021 18:39:59',NaN,NaN,NaN,NaN,NaN,NaN,NaN,NaN,NaN,NaN,NaN,NaN,NaN,NaN,
0.00042334,'11-Sep-2021 18:50:00',NaN,NaN,NaN,NaN,NaN,NaN,NaN,NaN,NaN,NaN,NaN,NaN,NaN,NaN,
-0.00059047,'11-Sep-2021 19:00:00',NaN,NaN,NaN,NaN,NaN,NaN,NaN,NaN,NaN,NaN,NaN,NaN,NaN,NaN,
-0.0017784,'11-Sep-2021 19:10:00',NaN,NaN,NaN,NaN,NaN,NaN,NaN,NaN,NaN,NaN,NaN,NaN,NaN,NaN,
-0.0014697,'11-Sep-2021 19:20:00',NaN,NaN,NaN,NaN,NaN,NaN,NaN,NaN,NaN,NaN,NaN,NaN,NaN,NaN,
-0.0011265,'11-Sep-2021 19:29:59',NaN,NaN,NaN,NaN,NaN,NaN,NaN,NaN,NaN,NaN,NaN,NaN,NaN,NaN,
-0.00075068,'11-Sep-2021 19:40:00',NaN,NaN,NaN,NaN,NaN,NaN,NaN,NaN,NaN,NaN,NaN,NaN,NaN,NaN,
-0.00043554,'11-Sep-2021 19:50:00',NaN,NaN,NaN,NaN,NaN,NaN,NaN,NaN,NaN,NaN,NaN,NaN,NaN,NaN,
0.0010862,'11-Sep-2021 19:59:59',NaN,NaN,NaN,NaN,NaN,NaN,NaN,NaN,NaN,NaN,NaN,NaN,NaN,NaN,
0.0021126,'11-Sep-2021 20:10:00',NaN,NaN,NaN,NaN,NaN,NaN,NaN,NaN,NaN,NaN,NaN,NaN,NaN,NaN,
0.0026625,'11-Sep-2021 20:20:00',NaN,NaN,NaN,NaN,NaN,NaN,NaN,NaN,NaN,NaN,NaN,NaN,NaN,NaN,
0.0027584,'11-Sep-2021 20:29:59',NaN,NaN,NaN,NaN,NaN,NaN,NaN,NaN,NaN,NaN,NaN,NaN,NaN,NaN,
0.0036723,'11-Sep-2021 20:40:00',NaN,NaN,NaN,NaN,NaN,NaN,NaN,NaN,NaN,NaN,NaN,NaN,NaN,NaN,
0.0043196,'11-Sep-2021 20:50:00',NaN,NaN,NaN,NaN,NaN,NaN,NaN,NaN,NaN,NaN,NaN,NaN,NaN,NaN,
0.0048171,'11-Sep-2021 21:00:00',NaN,NaN,NaN,NaN,NaN,NaN,NaN,NaN,NaN,NaN,NaN,NaN,NaN,NaN,
0.0046629,'11-Sep-2021 21:09:59',NaN,NaN,NaN,NaN,NaN,NaN,NaN,NaN,NaN,NaN,NaN,NaN,NaN,NaN,
0.0041995,'11-Sep-2021 21:19:59',NaN,NaN,NaN,NaN,NaN,NaN,NaN,NaN,NaN,NaN,NaN,NaN,NaN,NaN,
0.0045332,'11-Sep-2021 21:29:59',NaN,NaN,NaN,NaN,NaN,NaN,NaN,NaN,NaN,NaN,NaN,NaN,NaN,NaN,
0.0057722,'11-Sep-2021 21:40:00',NaN,NaN,NaN,NaN,NaN,NaN,NaN,NaN,NaN,NaN,NaN,NaN,NaN,NaN,
0.0063542,'11-Sep-2021 21:50:00',NaN,NaN,NaN,NaN,NaN,NaN,NaN,NaN,NaN,NaN,NaN,NaN,NaN,NaN,
0.0058874,'11-Sep-2021 22:00:00',NaN,NaN,NaN,NaN,NaN,NaN,NaN,NaN,NaN,NaN,NaN,NaN,NaN,NaN,
0.0050483,'11-Sep-2021 22:09:59',NaN,NaN,NaN,NaN,NaN,NaN,NaN,NaN,NaN,NaN,NaN,NaN,NaN,NaN,
0.0055212,'11-Sep-2021 22:19:59',NaN,NaN,NaN,NaN,NaN,NaN,NaN,NaN,NaN,NaN,NaN,NaN,NaN,NaN,
0.0056425,'11-Sep-2021 22:29:59',NaN,NaN,NaN,NaN,NaN,NaN,NaN,NaN,NaN,NaN,NaN,NaN,NaN,NaN,
0.0054035,'11-Sep-2021 22:39:59',NaN,NaN,NaN,NaN,NaN,NaN,NaN,NaN,NaN,NaN,NaN,NaN,NaN,NaN,
0.005597,'11-Sep-2021 22:50:00',NaN,NaN,NaN,NaN,NaN,NaN,NaN,NaN,NaN,NaN,NaN,NaN,NaN,NaN,
0.0067634,'11-Sep-2021 23:00:00',NaN,NaN,NaN,NaN,NaN,NaN,NaN,NaN,NaN,NaN,NaN,NaN,NaN,NaN,
0.0084001,'11-Sep-2021 23:09:59',NaN,NaN,NaN,NaN,NaN,NaN,NaN,NaN,NaN,NaN,NaN,NaN,NaN,NaN,
0.0095253,'11-Sep-2021 23:19:59',NaN,NaN,NaN,NaN,NaN,NaN,NaN,NaN,NaN,NaN,NaN,NaN,NaN,NaN,
0.010077,'11-Sep-2021 23:29:59',NaN,NaN,NaN,NaN,NaN,NaN,NaN,NaN,NaN,NaN,NaN,NaN,NaN,NaN,
0.010266,'11-Sep-2021 23:39:59',NaN,NaN,NaN,NaN,NaN,NaN,NaN,NaN,NaN,NaN,NaN,NaN,NaN,NaN,
0.010991,'11-Sep-2021 23:50:00',NaN,NaN,NaN,NaN,NaN,NaN,NaN,NaN,NaN,NaN,NaN,NaN,NaN,NaN,
0.011542,'12-Sep-2021 00:00:00',NaN,NaN,NaN,NaN,NaN,NaN,NaN,NaN,NaN,NaN,NaN,NaN,NaN,NaN,
0.01141,'12-Sep-2021 00:10:00',NaN,NaN,NaN,NaN,NaN,NaN,NaN,NaN,NaN,NaN,NaN,NaN,NaN,NaN,
0.014073,'12-Sep-2021 00:19:59',NaN,NaN,NaN,NaN,NaN,NaN,NaN,NaN,NaN,NaN,NaN,NaN,NaN,NaN,
0.18911,'12-Sep-2021 00:30:00',0.26133,0.65063,0.31569,19.9551,0.22694,1.2834,1.2292,1.2122,1.062,0.37031,8.4205,0.15038,1.2001,1.3485,
0.30134,'12-Sep-2021 00:40:00',0.33394,0.46405,0.68214,22.0329,0.28735,1.2602,1.2732,1.233,1.0818,0.51381,9.202,0.17053,0.95358,1.3891,
0.42258,'12-Sep-2021 00:50:00',0.40344,0.30085,0.64834,19.6441,0.3477,1.2889,1.2801,1.2551,1.0854,0.58947,6.8242,0.16715,0.82281,1.3986,
0.53543,'12-Sep-2021 01:00:00',0.47937,0.37459,0.58174,24.5678,0.39722,1.3434,1.4262,1.2674,1.1055,0.65989,11.4834,0.16424,0.74187,1.4579,
0.64367,'12-Sep-2021 01:09:59',0.53243,0.29924,0.82064,28.0732,0.46282,1.2858,1.3529,1.2918,1.1049,0.83585,10.1769,0.19217,0.71904,1.3785,
0.76278,'12-Sep-2021 01:19:59',0.54623,0.46331,0.74798,17.5541,0.4527,1.2328,1.2681,1.2172,1.096,0.66641,6.1246,0.14348,0.59349,1.3364,
0.86955,'12-Sep-2021 01:30:00',0.59227,0.38307,0.52742,21.7199,0.50818,1.193,1.355,1.2485,1.0956,0.74795,6.3539,0.14863,0.58442,1.3799,
0.97588,'12-Sep-2021 01:40:00',0.58807,0.34626,0.44506,22.0213,0.49595,1.1493,1.3217,1.1841,1.0711,0.57573,5.5244,0.11011,0.50821,1.3217,
1.0674,'12-Sep-2021 01:50:00',0.60816,0.2661,0.45797,30.8591,0.46836,1.1238,1.1358,1.1721,1.0659,0.44382,4.651,0.080631,0.43877,1.2303,
1.1509,'12-Sep-2021 01:59:59',0.68609,0.43024,0.45566,29.7626,0.56133,1.1397,1.2345,1.1937,1.0715,0.58593,7.3071,0.10211,0.48773,1.2378,
1.2392,'12-Sep-2021 02:09:59',0.63492,0.60499,0.45741,20.548,0.49329,1.1001,1.1466,1.1757,1.0656,0.41961,4.4332,0.07196,0.39808,1.1861,
1.3223,'12-Sep-2021 02:20:00',0.66581,0.49586,0.64362,22.9713,0.53747,1.1077,1.2197,1.1756,1.0652,0.4411,4.6109,0.072634,0.40647,1.2216,
1.38,'12-Sep-2021 02:30:00',0.66063,0.42546,0.58953,21.6483,0.51653,1.1049,1.1662,1.1691,1.0614,0.43217,4.047,0.069562,0.37429,1.2074,
1.4434,'12-Sep-2021 02:40:00',0.63081,0.37962,0.39952,23.287,0.4815,1.085,1.179,1.1659,1.0631,0.41657,4.0925,0.065639,0.33358,1.1907,
1.4861,'12-Sep-2021 02:49:59',0.53776,0.40886,0.37,16.8391,0.44185,1.0741,1.127,1.1336,1.0514,0.36054,3.2004,0.055739,0.29733,1.1479,
1.5278,'12-Sep-2021 02:59:59',0.59277,0.35005,0.6317,20.1367,0.47927,1.0918,1.1352,1.1433,1.0572,0.36575,3.2107,0.056149,0.3137,1.166,
1.5625,'12-Sep-2021 03:10:00',0.57935,0.3748,0.38342,19.4124,0.45216,1.0783,1.1179,1.1228,1.0496,0.3491,3.2685,0.052817,0.28938,1.1413,
1.5848,'12-Sep-2021 03:19:59',0.64776,0.54234,0.63857,17.3965,0.51814,1.0857,1.1779,1.1352,1.0519,0.41865,3.2077,0.063324,0.32694,1.1901,
1.584,'12-Sep-2021 03:29:59',0.53803,0.41491,0.37425,16.9707,0.43272,1.0625,1.1131,1.1301,1.0519,0.31537,2.664,0.047568,0.27319,1.1467,
1.5919,'12-Sep-2021 03:40:00',0.5417,0.33175,0.35008,20.4461,0.44581,1.0728,1.0975,1.1407,1.0561,0.34752,3.0788,0.052619,0.28006,1.1511,
1.5849,'12-Sep-2021 03:50:00',0.5782,0.32478,0.6031,15.6781,0.45278,1.0678,1.0953,1.1284,1.0501,0.31899,2.5379,0.048217,0.28569,1.142,
1.5653,'12-Sep-2021 04:00:00',0.53151,0.29224,0.51639,16.505,0.39791,1.0607,1.0862,1.1173,1.0452,0.28585,2.772,0.043429,0.25421,1.1289,
1.5357,'12-Sep-2021 04:10:00',0.54118,0.29557,0.52048,22.9168,0.44499,1.074,1.1179,1.1197,1.0467,0.30536,2.9865,0.046935,0.28977,1.1447,
1.4967,'12-Sep-2021 04:20:00',0.56399,0.36792,0.52972,16.4553,0.42989,1.064,1.1158,1.1314,1.0494,0.31495,2.8656,0.048818,0.28722,1.1506,
1.4457,'12-Sep-2021 04:30:00',0.66282,0.5241,0.85969,14.7059,0.4751,1.0821,1.1289,1.144,1.0535,0.35516,3.0851,0.056203,0.32862,1.1651,
1.4003,'12-Sep-2021 04:40:00',0.67632,0.81723,0.71562,15.6346,0.52166,1.0928,1.1693,1.1456,1.0547,0.4065,2.9292,0.065396,0.37254,1.174,
1.3385,'12-Sep-2021 04:49:59',0.58908,0.44605,0.69593,15.6026,0.47145,1.0916,1.1606,1.1449,1.0541,0.41047,3.0894,0.067598,0.35224,1.1839,
1.266,'12-Sep-2021 04:59:59',0.62887,0.421,0.76058,18.4462,0.4902,1.1059,1.1696,1.1531,1.0584,0.44552,3.6113,0.075786,0.38719,1.1932,
1.1904,'12-Sep-2021 05:09:59',0.62734,0.47011,0.687,17.8593,0.4944,1.0998,1.1641,1.1711,1.0681,0.45191,3.568,0.079635,0.41531,1.2065,
1.1088,'12-Sep-2021 05:20:00',0.55302,0.3839,0.59679,16.3985,0.44999,1.0918,1.1734,1.1541,1.058,0.41552,3.4599,0.074509,0.40584,1.1866,
1.0172,'12-Sep-2021 05:30:00',0.57578,0.33908,0.77729,24.4155,0.50552,1.1358,1.2562,1.208,1.0737,0.64376,4.3739,0.12166,0.49697,1.2596,
0.91897,'12-Sep-2021 05:40:00',0.5769,0.49981,1.014,16.5327,0.49253,1.1935,1.2566,1.2299,1.0875,0.68954,5.4863,0.13607,0.53595,1.2899,
0.8197,'12-Sep-2021 05:50:00',0.58023,0.62387,0.85551,15.4656,0.47078,1.1733,1.2299,1.2212,1.0837,0.66452,5.0339,0.13773,0.57433,1.2768,
0.71374,'12-Sep-2021 05:59:59',0.49249,0.33021,0.85148,17.1584,0.4202,1.2039,1.2517,1.2461,1.1242,0.70396,6.6135,0.15842,0.58873,1.3022,
0.61049,'12-Sep-2021 06:10:00',0.47945,0.48484,1.0024,17.4844,0.41363,1.217,1.2988,1.2493,1.1111,0.68528,6.7043,0.1682,0.67754,1.3595,
0.50821,'12-Sep-2021 06:20:00',0.41939,0.41043,1.033,18.4483,0.35324,1.2426,1.2706,1.2547,1.0916,0.64091,7.1244,0.17053,0.69506,1.3089,
0.38585,'12-Sep-2021 06:30:00',0.39065,0.39941,0.77872,20.8935,0.33583,1.2312,1.3219,1.262,1.0861,0.57895,8.5538,0.1702,0.87038,1.3467,
0.28629,'12-Sep-2021 06:40:00',0.31018,0.27841,0.80918,16.6181,0.2668,1.3001,1.2662,1.2426,1.079,0.50684,7.6501,0.17685,0.93195,1.3603,
0.17934,'12-Sep-2021 06:49:59',0.29233,0.93771,0.72259,26.8589,0.22959,1.4661,1.3131,1.2338,1.0681,0.4166,10.4429,0.1835,1.2802,1.5019,
0.015654,'12-Sep-2021 07:00:00',NaN,NaN,NaN,NaN,NaN,NaN,NaN,NaN,NaN,NaN,NaN,NaN,NaN,NaN,
0.011911,'12-Sep-2021 07:09:59',NaN,NaN,NaN,NaN,NaN,NaN,NaN,NaN,NaN,NaN,NaN,NaN,NaN,NaN,
